------ INSERTS ABONADOS

INSERT INTO abonado VALUES ('1513-1999-00123','VICTOR','JAVIER','AMAYA','MATUTE','9733-3314','PHOTOJAVHN@GMAIL.COM',0);
INSERT INTO abonado VALUES ('1513-1987-00456','JULION','NAIN','ROSALES','MATUTE','9581-9422','NAIN@GMAIL.COM',1);
INSERT INTO abonado VALUES ('0801-1997-00521','EDWIN','RAFAEL','QUINTERO','ESTRADA','9457-8456','EDWIN@GMAIL.COM',1);

----- INSERTS BARRIOS

INSERT INTO barrios_col VALUES ('B-FCM','FRANCISCO MORAZAN');
INSERT INTO barrios_col VALUES ('B-LCB','LA CEIBA');
INSERT INTO barrios_col VALUES ('B-ARV','AREAS VERDES');

--- INSERTS SIS_AGUA
INSERT INTO sis_agua VALUES ('TQ-4-PG','TANQUE DE AGUA DE 4 PULGADAS','UBICADO EN ...');
INSERT INTO sis_agua VALUES ('TQ-6-PG','TANQUE DE AGUA DE 6 PULGADAS','UBICADO EN ...');

--- INSERTS SIS_DESECHOS SOLIDOS

INSERT INTO sis_desechos VALUES ('CA-01','CAMION DE RECOLECCION DE BASURA','UBICADO EN ...');
INSERT INTO sis_desechos VALUES ('BS-01','BASURERO MUNICIPAL','UBICADO EN ...');

--- INSERTS NEGOCIOS

INSERT INTO negocios  VALUES ('B-FCM-M03-C03-P301820','PULPERIA LA FE','B-FCM','9999-9999','1513-1999-00123','CA-01','P301820');
INSERT INTO negocios  VALUES ('B-LCB-M06-C03-P301456','PULPERIA LA FE','B-LCB','9999-9999','1513-1987-00456','BS-01','P301456');

----- INSERTS PROPIEDADES
INSERT INTO PROPIEDADES VALUES ('B-FCM-M03-C03-0001','LAS COLINDANCIAS SON...','B-FCM','M03','C03','1513-1999-00123','01-01-2020','TQ-4-PG','CA-01');
INSERT INTO PROPIEDADES VALUES ('B-LCB-M06-C03-0002','LAS COLINDANCIAS SON...','B-LCB','M06','C03','1513-1987-00456','01-03-2020','TQ-6-PG','BS-01');
INSERT INTO PROPIEDADES VALUES ('B-ARV-M08-C03-0003','LAS COLINDANCIAS SON...','B-ARV','M08','C03','1513-1999-00123','01-01-2020','TQ-6-PG','BS-01');

---INSERT TIPO DE PAGO

INSERT INTO tipo_pago VALUES ('99-99','A TIEMPO');
INSERT INTO tipo_pago VALUES ('88-88','MOROCIDAD');
INSERT INTO tipo_pago VALUES ('77-77','PRIMERA CONEXION');
INSERT INTO tipo_pago VALUES ('66-66','RECONEXION');
COMMIT;


--- INSERT PAGOS



-----Tipo de pago
insert into tipo_pago values (9999,'A Tiempo');
insert into tipo_pago values (8888,'Morocidad');
insert into tipo_pago values (7777,'Conexion');
insert into tipo_pago values (6666,'Re-Conexion');
